-- ============================================================
-- 샘플 데이터: 팀 6개 + 리그 2개 + 리그팀 + 리그매치
-- 팀 코드: 4817 계열
-- 기준일: 2026-02-08 이후 매치
-- ============================================================

-- 기존 샘플 데이터 정리 (중복 방지)
DELETE FROM league_match WHERE league_uid IN ('league-4817-0001-0000-000000000001', 'league-4817-0002-0000-000000000002');
DELETE FROM league_team WHERE league_uid IN ('league-4817-0001-0000-000000000001', 'league-4817-0002-0000-000000000002');
DELETE FROM team_member WHERE team_uid IN (
  'team-4817-0001-0000-000000000001',
  'team-4817-0002-0000-000000000002',
  'team-4817-0003-0000-000000000003',
  'team-4817-0004-0000-000000000004',
  'team-4817-0005-0000-000000000005',
  'team-4817-0006-0000-000000000006'
);
DELETE FROM league WHERE uid IN ('league-4817-0001-0000-000000000001', 'league-4817-0002-0000-000000000002');
DELETE FROM team WHERE uid IN (
  'team-4817-0001-0000-000000000001',
  'team-4817-0002-0000-000000000002',
  'team-4817-0003-0000-000000000003',
  'team-4817-0004-0000-000000000004',
  'team-4817-0005-0000-000000000005',
  'team-4817-0006-0000-000000000006'
);

-- ============================================================
-- 1. 팀 6개 생성
-- ============================================================
INSERT INTO team (uid, name, team_code, description, gender_type, age_groups, region_sido, region_sigungu, home_stadium, home_stadium_address, owner_uid, member_count, status, recruiting_members, active_days, active_time_slots, manner_score, monthly_fee, total_sponsorship, created_date, updated_date) VALUES
(
  'team-4817-0001-0000-000000000001',
  'FC 번개',
  '4817-001',
  '빠른 패싱과 공격적인 축구를 지향하는 풋살팀입니다. 매주 주말 강남에서 활동하고 있습니다.',
  0, 6, '서울특별시', '강남구',
  '강남 풋살파크', '서울 강남구 역삼동 123-45',
  '1c2301ea-9743-4d57-86b0-3b7b4eab1e66',
  12, 'ACTIVE', 1, 65, 6, 4.20, 30000, 0, NOW(), NOW()
),
(
  'team-4817-0002-0000-000000000002',
  '수원 드래곤즈',
  '4817-002',
  '수원 지역 최강 풋살팀! 열정적인 멤버들과 함께합니다.',
  0, 14, '경기도', '수원시',
  '수원 월드컵 풋살장', '경기도 수원시 팔달구 월드컵로 310',
  '1c2301ea-9743-4d57-86b0-3b7b4eab1e67',
  10, 'ACTIVE', 1, 65, 6, 3.80, 25000, 0, NOW(), NOW()
),
(
  'team-4817-0003-0000-000000000003',
  '인천 스톰 FC',
  '4817-003',
  '인천을 대표하는 풋살팀. 강한 수비와 빠른 역습이 특기입니다.',
  0, 6, '인천광역시', '남동구',
  '인천 남동 풋살경기장', '인천 남동구 구월동 55-12',
  '1c2301ea-9743-4d57-86b0-3b7b4eab1e68',
  9, 'ACTIVE', 1, 97, 6, 4.00, 20000, 0, NOW(), NOW()
),
(
  'team-4817-0004-0000-000000000004',
  '성남 유나이티드',
  '4817-004',
  '성남에서 활동하는 친목+실력 겸비 풋살팀. 초보자도 환영합니다!',
  2, 14, '경기도', '성남시',
  '탄천 풋살구장', '경기도 성남시 분당구 탄천로 215',
  '1c2301ea-9743-4d57-86b0-3b7b4eab1e69',
  15, 'ACTIVE', 1, 65, 6, 4.50, 35000, 0, NOW(), NOW()
),
(
  'team-4817-0005-0000-000000000005',
  '부천 이글스',
  '4817-005',
  '부천 소사 지역 풋살팀. 화요일/목요일 저녁에 정기 모임합니다.',
  0, 6, '경기도', '부천시',
  '부천 종합운동장 풋살코트', '경기도 부천시 소사구 경인로 66',
  '1c2301ea-9743-4d57-86b0-3b7b4eab1e70',
  8, 'ACTIVE', 1, 20, 4, 3.90, 15000, 0, NOW(), NOW()
),
(
  'team-4817-0006-0000-000000000006',
  '강남 풋살 클럽',
  '4817-006',
  '강남역 근처에서 활동하는 직장인 풋살 모임. 금요일 저녁, 주말 활동.',
  2, 14, '서울특별시', '강남구',
  '강남 스포츠센터 풋살장', '서울 강남구 테헤란로 152',
  '1c2301ea-9743-4d57-86b0-3b7b4eab1e71',
  11, 'ACTIVE', 1, 97, 4, 4.10, 40000, 0, NOW(), NOW()
);

-- ============================================================
-- 2. 팀 멤버 (각 팀 소유자 등록)
-- ============================================================
INSERT INTO team_member (uid, team_uid, user_uid, role, position, back_number, status, created_date, updated_date) VALUES
('tm-4817-0001-0000-000000000001', 'team-4817-0001-0000-000000000001', '1c2301ea-9743-4d57-86b0-3b7b4eab1e66', 'OWNER', 'MF', 10, 'APPROVED', NOW(), NOW()),
('tm-4817-0002-0000-000000000002', 'team-4817-0002-0000-000000000002', '1c2301ea-9743-4d57-86b0-3b7b4eab1e67', 'OWNER', 'FW', 9, 'APPROVED', NOW(), NOW()),
('tm-4817-0003-0000-000000000003', 'team-4817-0003-0000-000000000003', '1c2301ea-9743-4d57-86b0-3b7b4eab1e68', 'OWNER', 'DF', 4, 'APPROVED', NOW(), NOW()),
('tm-4817-0004-0000-000000000004', 'team-4817-0004-0000-000000000004', '1c2301ea-9743-4d57-86b0-3b7b4eab1e69', 'OWNER', 'GK', 1, 'APPROVED', NOW(), NOW()),
('tm-4817-0005-0000-000000000005', 'team-4817-0005-0000-000000000005', '1c2301ea-9743-4d57-86b0-3b7b4eab1e70', 'OWNER', 'FW', 7, 'APPROVED', NOW(), NOW()),
('tm-4817-0006-0000-000000000006', 'team-4817-0006-0000-000000000006', '1c2301ea-9743-4d57-86b0-3b7b4eab1e71', 'OWNER', 'MF', 8, 'APPROVED', NOW(), NOW());

-- ============================================================
-- 3. 리그 2개 생성
-- ============================================================
INSERT INTO league (uid, name, description, season, start_date, end_date, region_sido, region_sigungu, max_teams, current_teams, status, rules, created_date, updated_date) VALUES
(
  'league-4817-0001-0000-000000000001',
  '2026 서울 강남 풋살 리그',
  '서울 강남 지역 풋살팀들의 열정적인 리그전! 매주 주말 경기가 진행됩니다.',
  '2026-01',
  '2026-02-01', '2026-04-30',
  '서울특별시', '강남구',
  8, 4, 'IN_PROGRESS',
  '1. 5대5 풋살 규칙 적용\n2. 전후반 각 20분\n3. 교체 자유\n4. 승리 3점, 무승부 1점, 패배 0점',
  NOW(), NOW()
),
(
  'league-4817-0002-0000-000000000002',
  '2026 경기 풋살 챔피언십',
  '경기도 전역 풋살팀이 참가하는 챔피언십 대회! 최강팀을 가립니다.',
  '2026-01',
  '2026-02-15', '2026-05-31',
  '경기도', '성남시',
  8, 4, 'IN_PROGRESS',
  '1. 5대5 풋살 규칙 적용\n2. 전후반 각 25분\n3. 교체 자유\n4. 승리 3점, 무승부 1점, 패배 0점\n5. 골득실로 순위 결정',
  NOW(), NOW()
);

-- ============================================================
-- 4. 리그팀 등록
-- ============================================================
-- 서울 강남 리그: FC 번개, 강남 풋살 클럽, 인천 스톰, 성남 유나이티드
INSERT INTO league_team (uid, league_uid, team_uid, ranking, played, wins, draws, losses, goals_for, goals_against, goal_difference, points, manner_score, created_date, updated_date) VALUES
('lt-4817-0001-0000-000000000001', 'league-4817-0001-0000-000000000001', 'team-4817-0001-0000-000000000001', 1, 2, 2, 0, 0, 7, 3, 4, 6, 4.50, NOW(), NOW()),
('lt-4817-0002-0000-000000000002', 'league-4817-0001-0000-000000000001', 'team-4817-0006-0000-000000000006', 2, 2, 1, 0, 1, 5, 4, 1, 3, 4.30, NOW(), NOW()),
('lt-4817-0003-0000-000000000003', 'league-4817-0001-0000-000000000001', 'team-4817-0003-0000-000000000003', 3, 2, 1, 0, 1, 4, 5, -1, 3, 4.00, NOW(), NOW()),
('lt-4817-0004-0000-000000000004', 'league-4817-0001-0000-000000000001', 'team-4817-0004-0000-000000000004', 4, 2, 0, 0, 2, 2, 6, -4, 0, 4.20, NOW(), NOW());

-- 경기 챔피언십: 수원 드래곤즈, 부천 이글스, 성남 유나이티드, FC 번개
INSERT INTO league_team (uid, league_uid, team_uid, ranking, played, wins, draws, losses, goals_for, goals_against, goal_difference, points, manner_score, created_date, updated_date) VALUES
('lt-4817-0005-0000-000000000005', 'league-4817-0002-0000-000000000002', 'team-4817-0002-0000-000000000002', 1, 1, 1, 0, 0, 4, 2, 2, 3, 4.00, NOW(), NOW()),
('lt-4817-0006-0000-000000000006', 'league-4817-0002-0000-000000000002', 'team-4817-0005-0000-000000000005', 2, 1, 0, 1, 0, 2, 2, 0, 1, 3.80, NOW(), NOW()),
('lt-4817-0007-0000-000000000007', 'league-4817-0002-0000-000000000002', 'team-4817-0004-0000-000000000004', 3, 1, 0, 1, 0, 2, 2, 0, 1, 4.30, NOW(), NOW()),
('lt-4817-0008-0000-000000000008', 'league-4817-0002-0000-000000000002', 'team-4817-0001-0000-000000000001', 4, 1, 0, 0, 1, 2, 4, -2, 0, 4.40, NOW(), NOW());

-- ============================================================
-- 5. 리그 매치 (2026-02-08 이후 경기들)
-- ============================================================

-- ── 서울 강남 풋살 리그 매치 ──

-- 라운드 3 (2월)
INSERT INTO league_match (uid, league_uid, home_team_uid, away_team_uid, match_date, match_time, duration_minutes, stadium_name, stadium_address, home_score, away_score, status, round, created_date, updated_date) VALUES
('lm-4817-0001-0000-000000000001', 'league-4817-0001-0000-000000000001',
 'team-4817-0001-0000-000000000001', 'team-4817-0004-0000-000000000004',
 '2026-02-14', '14:00:00', 40, '강남 풋살파크', '서울 강남구 역삼동 123-45',
 NULL, NULL, 'SCHEDULED', 3, NOW(), NOW()),

('lm-4817-0002-0000-000000000002', 'league-4817-0001-0000-000000000001',
 'team-4817-0006-0000-000000000006', 'team-4817-0003-0000-000000000003',
 '2026-02-14', '15:00:00', 40, '강남 스포츠센터 풋살장', '서울 강남구 테헤란로 152',
 NULL, NULL, 'SCHEDULED', 3, NOW(), NOW()),

-- 라운드 4 (2월)
('lm-4817-0003-0000-000000000003', 'league-4817-0001-0000-000000000001',
 'team-4817-0003-0000-000000000003', 'team-4817-0001-0000-000000000001',
 '2026-02-21', '10:00:00', 40, '인천 남동 풋살경기장', '인천 남동구 구월동 55-12',
 NULL, NULL, 'SCHEDULED', 4, NOW(), NOW()),

('lm-4817-0004-0000-000000000004', 'league-4817-0001-0000-000000000001',
 'team-4817-0004-0000-000000000004', 'team-4817-0006-0000-000000000006',
 '2026-02-21', '14:00:00', 40, '탄천 풋살구장', '경기도 성남시 분당구 탄천로 215',
 NULL, NULL, 'SCHEDULED', 4, NOW(), NOW()),

-- 라운드 5 (3월)
('lm-4817-0005-0000-000000000005', 'league-4817-0001-0000-000000000001',
 'team-4817-0001-0000-000000000001', 'team-4817-0006-0000-000000000006',
 '2026-03-07', '15:00:00', 40, '강남 풋살파크', '서울 강남구 역삼동 123-45',
 NULL, NULL, 'SCHEDULED', 5, NOW(), NOW()),

('lm-4817-0006-0000-000000000006', 'league-4817-0001-0000-000000000001',
 'team-4817-0003-0000-000000000003', 'team-4817-0004-0000-000000000004',
 '2026-03-07', '16:00:00', 40, '인천 남동 풋살경기장', '인천 남동구 구월동 55-12',
 NULL, NULL, 'SCHEDULED', 5, NOW(), NOW()),

-- 라운드 6 (3월)
('lm-4817-0007-0000-000000000007', 'league-4817-0001-0000-000000000001',
 'team-4817-0006-0000-000000000006', 'team-4817-0001-0000-000000000001',
 '2026-03-14', '14:00:00', 40, '강남 스포츠센터 풋살장', '서울 강남구 테헤란로 152',
 NULL, NULL, 'SCHEDULED', 6, NOW(), NOW()),

('lm-4817-0008-0000-000000000008', 'league-4817-0001-0000-000000000001',
 'team-4817-0004-0000-000000000004', 'team-4817-0003-0000-000000000003',
 '2026-03-14', '15:30:00', 40, '탄천 풋살구장', '경기도 성남시 분당구 탄천로 215',
 NULL, NULL, 'SCHEDULED', 6, NOW(), NOW()),

-- ── 경기 풋살 챔피언십 매치 ──

-- 라운드 2 (2월)
('lm-4817-0009-0000-000000000009', 'league-4817-0002-0000-000000000002',
 'team-4817-0001-0000-000000000001', 'team-4817-0005-0000-000000000005',
 '2026-02-15', '13:00:00', 50, '강남 풋살파크', '서울 강남구 역삼동 123-45',
 NULL, NULL, 'SCHEDULED', 2, NOW(), NOW()),

('lm-4817-0010-0000-000000000010', 'league-4817-0002-0000-000000000002',
 'team-4817-0004-0000-000000000004', 'team-4817-0002-0000-000000000002',
 '2026-02-15', '15:00:00', 50, '탄천 풋살구장', '경기도 성남시 분당구 탄천로 215',
 NULL, NULL, 'SCHEDULED', 2, NOW(), NOW()),

-- 라운드 3 (2월)
('lm-4817-0011-0000-000000000011', 'league-4817-0002-0000-000000000002',
 'team-4817-0005-0000-000000000005', 'team-4817-0004-0000-000000000004',
 '2026-02-22', '11:00:00', 50, '부천 종합운동장 풋살코트', '경기도 부천시 소사구 경인로 66',
 NULL, NULL, 'SCHEDULED', 3, NOW(), NOW()),

('lm-4817-0012-0000-000000000012', 'league-4817-0002-0000-000000000002',
 'team-4817-0002-0000-000000000002', 'team-4817-0001-0000-000000000001',
 '2026-02-22', '14:00:00', 50, '수원 월드컵 풋살장', '경기도 수원시 팔달구 월드컵로 310',
 NULL, NULL, 'SCHEDULED', 3, NOW(), NOW()),

-- 라운드 4 (3월)
('lm-4817-0013-0000-000000000013', 'league-4817-0002-0000-000000000002',
 'team-4817-0001-0000-000000000001', 'team-4817-0004-0000-000000000004',
 '2026-03-08', '13:00:00', 50, '강남 풋살파크', '서울 강남구 역삼동 123-45',
 NULL, NULL, 'SCHEDULED', 4, NOW(), NOW()),

('lm-4817-0014-0000-000000000014', 'league-4817-0002-0000-000000000002',
 'team-4817-0005-0000-000000000005', 'team-4817-0002-0000-000000000002',
 '2026-03-08', '15:00:00', 50, '부천 종합운동장 풋살코트', '경기도 부천시 소사구 경인로 66',
 NULL, NULL, 'SCHEDULED', 4, NOW(), NOW()),

-- 라운드 5 (3월)
('lm-4817-0015-0000-000000000015', 'league-4817-0002-0000-000000000002',
 'team-4817-0002-0000-000000000002', 'team-4817-0005-0000-000000000005',
 '2026-03-22', '10:00:00', 50, '수원 월드컵 풋살장', '경기도 수원시 팔달구 월드컵로 310',
 NULL, NULL, 'SCHEDULED', 5, NOW(), NOW()),

('lm-4817-0016-0000-000000000016', 'league-4817-0002-0000-000000000002',
 'team-4817-0004-0000-000000000004', 'team-4817-0001-0000-000000000001',
 '2026-03-22', '14:00:00', 50, '탄천 풋살구장', '경기도 성남시 분당구 탄천로 215',
 NULL, NULL, 'SCHEDULED', 5, NOW(), NOW()),

-- 라운드 6 (4월)
('lm-4817-0017-0000-000000000017', 'league-4817-0002-0000-000000000002',
 'team-4817-0001-0000-000000000001', 'team-4817-0002-0000-000000000002',
 '2026-04-05', '13:00:00', 50, '강남 풋살파크', '서울 강남구 역삼동 123-45',
 NULL, NULL, 'SCHEDULED', 6, NOW(), NOW()),

('lm-4817-0018-0000-000000000018', 'league-4817-0002-0000-000000000002',
 'team-4817-0004-0000-000000000004', 'team-4817-0005-0000-000000000005',
 '2026-04-05', '15:00:00', 50, '탄천 풋살구장', '경기도 성남시 분당구 탄천로 215',
 NULL, NULL, 'SCHEDULED', 6, NOW(), NOW());

-- ============================================================
-- 확인 쿼리
-- ============================================================
-- SELECT t.name, t.team_code, t.region_sigungu, t.owner_uid FROM team t WHERE t.team_code LIKE '4817%';
-- SELECT l.name, l.status, l.current_teams FROM league l WHERE l.uid LIKE 'league-4817%';
-- SELECT lm.match_date, lm.match_time, ht.name AS home, at2.name AS away, lm.stadium_name, lm.round
--   FROM league_match lm
--   JOIN team ht ON ht.uid = lm.home_team_uid
--   JOIN team at2 ON at2.uid = lm.away_team_uid
--   WHERE lm.league_uid LIKE 'league-4817%'
--   ORDER BY lm.match_date, lm.match_time;
